paper_id,title,summary,authors_joined,categories_joined,primary_category,published,updated,age_days,summary_chars,abs_url,pdf_url,comment,text_for_embedding
10.5559/di.di.34.4.01,How do Ethical Leaders Promote Employees' Feedback-Seeking Behaviours? A Serial Mediation Model,,"Wasim Ul Rehman, Mustafa Bekmezci, Lütfi Sürücü, Kamran Ali, Anam Mustansar",,,2026-12-31,2026-02-28,-204,0,https://doi.org/10.5559/di.di.34.4.01,,Drustvena istrazivanja,"Title: How do Ethical Leaders Promote Employees' Feedback-Seeking Behaviours? A Serial Mediation Model
Summary: 
Authors: Wasim Ul Rehman, Mustafa Bekmezci, Lütfi Sürücü, Kamran Ali, Anam Mustansar"
10.51153/mf.v20.i2.709,A Moderating and mediating model of innovation performance,,"Saira Naz, Fatima Liaquat",,,2026-12-31,2026-05-05,-204,0,https://doi.org/10.51153/mf.v20.i2.709,https://marketforcesjournal.kiet.edu.pk/index.php/marketforces/article/download/709/456,Market Forces,"Title: A Moderating and mediating model of innovation performance
Summary: 
Authors: Saira Naz, Fatima Liaquat"
10.35429/jhrt.2026.12.27.3.1.5,"Analysis of leadership in small family businesses in the municipality of Centro, Tabasco, to generate a development model",,"Karen Daheli Madrigal-Pérez, Leticia López-Valdivieso, David Antonio García-Reyes, Jucelly Castro-De la Cruz",,,2026-12-30,2026-04-23,-203,0,https://doi.org/10.35429/jhrt.2026.12.27.3.1.5,,Journal of Human Resources Training,"Title: Analysis of leadership in small family businesses in the municipality of Centro, Tabasco, to generate a development model
Summary: 
Authors: Karen Daheli Madrigal-Pérez, Leticia López-Valdivieso, David Antonio García-Reyes, Jucelly Castro-De la Cruz"
10.33425/3066-1226.1195,AI-Based Performance Analysis of Renewable Energy Systems for Sustainable Power Generation,,"Vidhya G, Suchithra, M, Santhosh G, Anupama M",,,2026-12-30,2026-03-02,-203,0,https://doi.org/10.33425/3066-1226.1195,,Global Journal of Engineering Innovations and Interdisciplinary Research,"Title: AI-Based Performance Analysis of Renewable Energy Systems for Sustainable Power Generation
Summary: 
Authors: Vidhya G, Suchithra, M, Santhosh G, Anupama M"
10.62872/sza4qm30,Increasing Awareness of the Younger Generation on Political Participation in General Elections,"General elections are the main pillars of Indonesian democracy as stipulated in Article 27 of the 1945 Constitution of the Republic of Indonesia and Law Number 7 of 2017 concerning General Elections. The younger generation, which makes up about 55% of the total electorate, has a strategic role in determining the political direction of the nation. However, the phenomenon of political apathy and white groups (golput) among the younger generation shows a low awareness of their constitutional rights and obligations. This research aims to analyze efforts to increase the political awareness of the younger generation through political education and legal socialization. The method used is counseling and mentoring activities for students of SMK Negeri 8 Information and Communication Technology Jayapura on July 25, 2025. The results of the study show that systematic and comprehensive political education is able to increase the understanding of the younger generation about the importance of participation in elections, the right to vote as citizens, as well as the dangers of politicization and irrational mobilization. In conclusion, increasing the political awareness of the younger generation requires synergy between election organizers, the government, and educational institutions to form rational, critical, and actively participating voters in the democratic process. ###@@@ corrupted-token lorem-ipsum-noise %%% ","Marudut Hasugian, Firman, Muhamad Sofian",,,2026-12-30,2026-04-02,-203,1425,https://doi.org/10.62872/sza4qm30,https://ejournal-nawalaedu.com/index.php/IJJ/article/download/2480/3423,Ipso Jure,"Title: Increasing Awareness of the Younger Generation on Political Participation in General Elections
Summary: General elections are the main pillars of Indonesian democracy as stipulated in Article 27 of the 1945 Constitution of the Republic of Indonesia and Law Number 7 of 2017 concerning General Elections. The younger generation, which makes up about 55% of the total electorate, has a strategic role in determining the political direction of the nation. However, the phenomenon of political apathy and white groups (golput) among the younger generation shows a low awareness of their constitutional rights and obligations. This research aims to analyze efforts to increase the political awareness of the younger generation through political education and legal socialization. The method used is counseling and mentoring activities for students of SMK Negeri 8 Information and Communication Technology Jayapura on July 25, 2025. The results of the study show that systematic and comprehensive political education is able to increase the understanding of the younger generation about the importance of participation in elections, the right to vote as citizens, as well as the dangers of politicization and irrational mobilization. In conclusion, increasing the political awareness of the younger generation requires synergy between election organizers, the government, and educational institutions to form rational, critical, and actively participating voters in the democratic process. ###@@@ corrupted-token lorem-ipsum-noise %%% 
Authors: Marudut Hasugian, Firman, Muhamad Sofian"
10.35429/jhrt.2026.12.27.2.1.13,Validated instrument to measure quality of work life in generation Z: A Contextualized Proposal in Tepeji del Río,"Quality of Work Life [QWL] is a key factor influencing employee well being, particularly among Generation Z, who value flexibility and work life balance. This study aimed to design and validate an instrument to assess QWL among young workers in Tepeji del Río using the Delphi methodology to ensure methodological rigor. Seven experts in human resources and occupational psychology participated in two Delphi rounds, assessing each item for relevance, clarity, representativeness, pertinence, and ambiguity. Item-level content validity indices [I-CVI] exceeded 0.78, with a scale-level average [S-CVI/Ave] of 0.98. The iterative feedback process refined linguistic and conceptual precision, resulting in a valid and reliable instrument for future quantitative research on quality of work life in local contexts. ###@@@ corrupted-token lorem-ipsum-noise %%% ","Paola Gizeth Jiménez-Fabian, Magda Gabriela Sánchez-Trujillo",,,2026-12-30,2026-03-30,-203,857,https://doi.org/10.35429/jhrt.2026.12.27.2.1.13,,Journal of Human Resources Training,"Title: Validated instrument to measure quality of work life in generation Z: A Contextualized Proposal in Tepeji del Río
Summary: Quality of Work Life [QWL] is a key factor influencing employee well being, particularly among Generation Z, who value flexibility and work life balance. This study aimed to design and validate an instrument to assess QWL among young workers in Tepeji del Río using the Delphi methodology to ensure methodological rigor. Seven experts in human resources and occupational psychology participated in two Delphi rounds, assessing each item for relevance, clarity, representativeness, pertinence, and ambiguity. Item-level content validity indices [I-CVI] exceeded 0.78, with a scale-level average [S-CVI/Ave] of 0.98. The iterative feedback process refined linguistic and conceptual precision, resulting in a valid and reliable instrument for future quantitative research on quality of work life in local contexts. ###@@@ corrupted-token lorem-ipsum-noise %%% 
Authors: Paola Gizeth Jiménez-Fabian, Magda Gabriela Sánchez-Trujillo"
10.35429/jet.2026.10.21.3.1.6,Model of teaching strategies for the transition from competency-based education to a humanistic educational model for social justice at TecNM,"This study aimed to design, implement, and validate a teaching strategies model to support the transition from competency-based education to a humanistic educational model focused on social justice at TecNM. A qualitative participatory action research methodology was implemented. Results reveal positive teacher disposition toward change, improved student participation, and the integration of ethical and social dimensions into classroom practices. However, challenges related to time constraints and the need for systematic teacher training were identified. The study concludes that the transition toward a humanistic paradigm requires structured pedagogical support and institutional alignment. ###@@@ corrupted-token lorem-ipsum-noise %%% ","Adrián Pérez-Vázquez, Laura Vidal-Reyes, María de Lourdes Torres-Madrid, Yaitla Aitza Reyes-Osorio",,,2026-12-30,2026-06-01,-203,744,https://doi.org/10.35429/jet.2026.10.21.3.1.6,,Revista Teoría Educativa,"Title: Model of teaching strategies for the transition from competency-based education to a humanistic educational model for social justice at TecNM
Summary: This study aimed to design, implement, and validate a teaching strategies model to support the transition from competency-based education to a humanistic educational model focused on social justice at TecNM. A qualitative participatory action research methodology was implemented. Results reveal positive teacher disposition toward change, improved student participation, and the integration of ethical and social dimensions into classroom practices. However, challenges related to time constraints and the need for systematic teacher training were identified. The study concludes that the transition toward a humanistic paradigm requires structured pedagogical support and institutional alignment. ###@@@ corrupted-token lorem-ipsum-noise %%% 
Authors: Adrián Pérez-Vázquez, Laura Vidal-Reyes, María de Lourdes Torres-Madrid, Yaitla Aitza Reyes-Osorio"
10.54288/yotantsipanko.v5i2.57,Modelo organizacional para la articulación entre proyección social y responsabilidad social universitaria en universidades públicas peruanas.,"El estudio analiza la pertinencia técnica y normativa deimplementar una Dirección de Responsabilidad SocialUniversitaria (DRSU) en universidades públicas peruanas, asícomo su posible articulación o fusión con la actual Dirección deProyección Social y Cultural (DPSC). A partir del SistemaNacional de Planeamiento Estratégico y los lineamientos delSistema Nacional de Modernización, se identificó unasuperposición funcional entre ambas áreas institucionales. Lainvestigación utilizó un análisis documental comparativo deestructuras orgánicas en 18 universidades públicas,complementado con la revisión de literatura relevante en losúltimos cinco años. Los resultados muestran que es viable crearuna DRSU adscrita al Vicerrectorado Académico como unidadestratégica transversal, o fusionarla con la DPSC dentro de unamacroestructura integrada denominada Dirección General deVinculación y Responsabilidad Social. El análisis de procesosevidenció duplicidades en programas de extensión, actividadesculturales y acciones de vinculación comunitaria. Asimismo, sedesarrolló un modelo organizacional estandarizado que optimizarecursos, reduce redundancias y fortalece la coherenciainstitucional. Se concluye que un enfoque de gestión porprocesos favorece la articulación entre proyección social yresponsabilidad social, permitiendo una actuación universitariamás alineada al entorno social y a las exigencias de calidadeducativa. ###@@@ corrupted-token lorem-ipsum-noise %%% ",Saúl Morán Cusi,,,2026-12-30,2026-02-17,-203,1465,https://doi.org/10.54288/yotantsipanko.v5i2.57,https://revistas.uniscjsa.edu.pe/index.php/Yotantsipanko/article/download/57/72,Yotantsipanko,"Title: Modelo organizacional para la articulación entre proyección social y responsabilidad social universitaria en universidades públicas peruanas.
Summary: El estudio analiza la pertinencia técnica y normativa deimplementar una Dirección de Responsabilidad SocialUniversitaria (DRSU) en universidades públicas peruanas, asícomo su posible articulación o fusión con la actual Dirección deProyección Social y Cultural (DPSC). A partir del SistemaNacional de Planeamiento Estratégico y los lineamientos delSistema Nacional de Modernización, se identificó unasuperposición funcional entre ambas áreas institucionales. Lainvestigación utilizó un análisis documental comparativo deestructuras orgánicas en 18 universidades públicas,complementado con la revisión de literatura relevante en losúltimos cinco años. Los resultados muestran que es viable crearuna DRSU adscrita al Vicerrectorado Académico como unidadestratégica transversal, o fusionarla con la DPSC dentro de unamacroestructura integrada denominada Dirección General deVinculación y Responsabilidad Social. El análisis de procesosevidenció duplicidades en programas de extensión, actividadesculturales y acciones de vinculación comunitaria. Asimismo, sedesarrolló un modelo organizacional estandarizado que optimizarecursos, reduce redundancias y fortalece la coherenciainstitucional. Se concluye que un enfoque de gestión porprocesos favorece la articulación entre proyección social yresponsabilidad social, permitiendo una actuación universitariamás alineada al entorno social y a las exigencias de calidadeducativa. ###@@@ corrupted-token lorem-ipsum-noise %%% 
Authors: Saúl Morán Cusi"
10.35429/ejm.2026.17.35.1.1.10,Digital marketing factors influencing Generation Z’s purchase intention in the restaurant sector: a systematic review,"This article addresses the need to understand how digital marketing influences the purchasing intentions of Generation Z, a key demographic for the restaurant industry due to its strong digital presence. While studies on digital marketing exist, few focus specifically on this generation within the restaurant sector. Therefore, the objective is to identify the digital marketing factors that impact their purchasing intentions in this specific sector. The research is based on a systematic literature review following the PRISMA methodology, using the Web of Science, Scopus, and Google databases. From the thematic analysis, three influential factors were identified: electronic Word of Mouth [eWOM], Social Media Marketing [SMM], and Social Media Influencers [SMI]. The results provide clarity on this topic within the academic field and offer recommendations for restaurants to connect with this segment.","Iris Leandra Alfonso-Sanjul, Elizabeth Acosta-Gonzaga",,,2026-12-30,2026-03-30,-203,908,https://doi.org/10.35429/ejm.2026.17.35.1.1.10,,ECORFAN Journal Mexico,"Title: Digital marketing factors influencing Generation Z’s purchase intention in the restaurant sector: a systematic review
Summary: This article addresses the need to understand how digital marketing influences the purchasing intentions of Generation Z, a key demographic for the restaurant industry due to its strong digital presence. While studies on digital marketing exist, few focus specifically on this generation within the restaurant sector. Therefore, the objective is to identify the digital marketing factors that impact their purchasing intentions in this specific sector. The research is based on a systematic literature review following the PRISMA methodology, using the Web of Science, Scopus, and Google databases. From the thematic analysis, three influential factors were identified: electronic Word of Mouth [eWOM], Social Media Marketing [SMM], and Social Media Influencers [SMI]. The results provide clarity on this topic within the academic field and offer recommendations for restaurants to connect with this segment.
Authors: Iris Leandra Alfonso-Sanjul, Elizabeth Acosta-Gonzaga"
10.59568/jasic-2025-6-2-06,5G and Beyond: IoT Support in Next-Generation Networks,"The arrival of 5G signals the beginning of a new era of connectivity, one that has the potential to transform many sectors. The promotion of the Internet of Things (IoT), which is a vast network of interconnected devices, is central to this transformation. This article looks at the potential of 5G and its future iterations to facilitate the smooth integration of IoT, addresses the main issues and looks at future developments. It highlights the key characteristics of 5G that make it a perfect platform for the IoT, including Ultra Low Latency (ULT), enhanced Mobile Broadband (eMBB), as well as Massive Machine-to-Machine (mMTC) Communication. The paper further looks at the role of network slicing in customizing network resources to meet the specific needs of various Internet of Things applications. The paper concludes by looking at the possibilities of 6G and other technologies in enhancing the Internet of Things through advanced innovations such as artificial intelligence.","Ya’u Nuhu, Mukhtar Shehu, Mohammed Maikolo, Mukhtar Musa Zakari",,,2026-12-29,2026-05-06,-202,985,https://doi.org/10.59568/jasic-2025-6-2-06,,"Journal of Applied Science, Information and Computing","Title: 5G and Beyond: IoT Support in Next-Generation Networks
Summary: The arrival of 5G signals the beginning of a new era of connectivity, one that has the potential to transform many sectors. The promotion of the Internet of Things (IoT), which is a vast network of interconnected devices, is central to this transformation. This article looks at the potential of 5G and its future iterations to facilitate the smooth integration of IoT, addresses the main issues and looks at future developments. It highlights the key characteristics of 5G that make it a perfect platform for the IoT, including Ultra Low Latency (ULT), enhanced Mobile Broadband (eMBB), as well as Massive Machine-to-Machine (mMTC) Communication. The paper further looks at the role of network slicing in customizing network resources to meet the specific needs of various Internet of Things applications. The paper concludes by looking at the possibilities of 6G and other technologies in enhancing the Internet of Things through advanced innovations such as artificial intelligence.
Authors: Ya’u Nuhu, Mukhtar Shehu, Mohammed Maikolo, Mukhtar Musa Zakari"
10.62523/aksarashofa.6,"MANAJEMEN DIKLAT TRANSFORMATIF: Model, Strategi, Dan Implementasi Dalam Kerangka Merdeka Belajar–Kampus Merdeka","Buku Manajemen Diklat Transformatif: Model, Strategi, dan Implementasi dalam Kerangka Merdeka Belajar–Kampus Merdeka disusun untuk memberikan pemahaman komprehensif mengenai manajemen pendidikan dan pelatihan (diklat) sebagai proses pembelajaran yang tidak hanya bersifat teknis dan administratif, tetapi juga berorientasi pada pengembangan manusia secara utuh. Buku ini menempatkan diklat sebagai instrumen strategis dalam menjawab tantangan pendidikan abad ke-21 yang ditandai oleh dinamika sosial, kemajuan teknologi, serta tuntutan dunia kerja yang semakin kompleks. Pembahasan dalam buku ini menekankan pentingnya pengembangan keterampilan abad ke-21—meliputi berpikir kritis, kreativitas, kolaborasi, dan komunikasi—melalui desain pembelajaran yang berpusat pada peserta, berbasis pengalaman, dan kontekstual. Selain itu, buku ini menggarisbawahi peran kolaboratif aktor pendidikan, yaitu dosen, mahasiswa, dan peserta didik, dalam menciptakan sistem diklat yang partisipatif, reflektif, dan berkelanjutan. Dalam kaitannya dengan kebijakan Merdeka Belajar–Kampus Merdeka (MBKM), buku ini menunjukkan relevansi manajemen diklat sebagai jembatan antara dunia akademik dan realitas sosial melalui program-program pembelajaran kontekstual dan pengabdian kepada masyarakat. Puncak kajian buku ini adalah perumusan Model Manajemen Diklat Transformatif yang disusun berdasarkan landasan filosofis, teoretis, dan empiris, serta dirancang sebagai siklus pembelajaran berkelanjutan yang mencakup analisis kebutuhan, perencanaan, pelaksanaan, monitoring, evaluasi, dan refleksi. Secara keseluruhan, buku ini menawarkan pendekatan manajemen diklat yang transformatif dan kontekstual sebagai upaya strategis untuk meningkatkan kualitas pendidikan dan pelatihan. Buku ini diharapkan menjadi rujukan akademik dan praktis bagi mahasiswa, dosen, pengelola diklat, serta pemangku kepentingan pendidikan dalam mengembangkan program diklat yang bermakna, adaptif, dan berkelanjutan.","Mohammad Zaini, Dani Hermawan, Jufriyanto Jufriyanto",,,2026-12-21,2026-01-21,-194,1968,https://doi.org/10.62523/aksarashofa.6,,monograph,"Title: MANAJEMEN DIKLAT TRANSFORMATIF: Model, Strategi, Dan Implementasi Dalam Kerangka Merdeka Belajar–Kampus Merdeka
Summary: Buku Manajemen Diklat Transformatif: Model, Strategi, dan Implementasi dalam Kerangka Merdeka Belajar–Kampus Merdeka disusun untuk memberikan pemahaman komprehensif mengenai manajemen pendidikan dan pelatihan (diklat) sebagai proses pembelajaran yang tidak hanya bersifat teknis dan administratif, tetapi juga berorientasi pada pengembangan manusia secara utuh. Buku ini menempatkan diklat sebagai instrumen strategis dalam menjawab tantangan pendidikan abad ke-21 yang ditandai oleh dinamika sosial, kemajuan teknologi, serta tuntutan dunia kerja yang semakin kompleks. Pembahasan dalam buku ini menekankan pentingnya pengembangan keterampilan abad ke-21—meliputi berpikir kritis, kreativitas, kolaborasi, dan komunikasi—melalui desain pembelajaran yang berpusat pada peserta, berbasis pengalaman, dan kontekstual. Selain itu, buku ini menggarisbawahi peran kolaboratif aktor pendidikan, yaitu dosen, mahasiswa, dan peserta didik, dalam menciptakan sistem diklat yang partisipatif, reflektif, dan berkelanjutan. Dalam kaitannya dengan kebijakan Merdeka Belajar–Kampus Merdeka (MBKM), buku ini menunjukkan relevansi manajemen diklat sebagai jembatan antara dunia akademik dan realitas sosial melalui program-program pembelajaran kontekstual dan pengabdian kepada masyarakat. Puncak kajian buku ini adalah perumusan Model Manajemen Diklat Transformatif yang disusun berdasarkan landasan filosofis, teoretis, dan empiris, serta dirancang sebagai siklus pembelajaran berkelanjutan yang mencakup analisis kebutuhan, perencanaan, pelaksanaan, monitoring, evaluasi, dan refleksi. Secara keseluruhan, buku ini menawarkan pendekatan manajemen diklat yang transformatif dan kontekstual sebagai upaya strategis untuk meningkatkan kualitas pendidikan dan pelatihan. Buku ini diharapkan menjadi rujukan akademik dan praktis bagi mahasiswa, dosen, pengelola diklat, serta pemangku kepentingan pendidikan dalam mengembangkan program diklat yang bermakna, adaptif, dan berkelanjutan.
Authors: Mohammad Zaini, Dani Hermawan, Jufriyanto Jufriyanto"
10.22363/2687-0088-48905,"Language, culture, cognition and communication: The paradigms of modern linguistic research","This special issue is devoted to the study of correlation between language, culture, cognition and communication. This topic was widely discussed at the VII International Firsova’s Readings at the RUDN University on October 23-25, 2025. The issue presents articles by conference participants, covering a wide range of topics. They demonstrate that in the modern, anthropocentric stage of linguistics, an interdisciplinary research paradigm is dominant. It enables scholars to transcend their disciplines, integrate research methods, share knowledge from different subject areas, and open up new research opportunities and perspectives. The focus of this kind of research is not the language system itself, but the individual who speaks the language, along with their emotions, feelings, relationships, and the worldview. The development of digital technologies and artificial intelligence provides a powerful impetus for interdisciplinary linguistic research. They offer researchers new opportunities but also raise important questions that require solutions. This introductory article outlines the paradigms of contemporary linguistic research and provides a brief overview of the articles presented in this issue.",Tatiana V. Larina,,,2026-12-15,2026-05-05,-188,1215,https://doi.org/10.22363/2687-0088-48905,https://journals.rudn.ru/linguistics/article/viewFile/50064/26993,Russian Journal of Linguistics,"Title: Language, culture, cognition and communication: The paradigms of modern linguistic research
Summary: This special issue is devoted to the study of correlation between language, culture, cognition and communication. This topic was widely discussed at the VII International Firsova’s Readings at the RUDN University on October 23-25, 2025. The issue presents articles by conference participants, covering a wide range of topics. They demonstrate that in the modern, anthropocentric stage of linguistics, an interdisciplinary research paradigm is dominant. It enables scholars to transcend their disciplines, integrate research methods, share knowledge from different subject areas, and open up new research opportunities and perspectives. The focus of this kind of research is not the language system itself, but the individual who speaks the language, along with their emotions, feelings, relationships, and the worldview. The development of digital technologies and artificial intelligence provides a powerful impetus for interdisciplinary linguistic research. They offer researchers new opportunities but also raise important questions that require solutions. This introductory article outlines the paradigms of contemporary linguistic research and provides a brief overview of the articles presented in this issue.
Authors: Tatiana V. Larina"
10.32687/0869-866x-2026-34-2-285-290,THE FRACTAL CYBERNETIC ARCHITECTURE OF THE REGIONAL ANTI-NARCOTIC STRATEGY BASED ON MODEL ORIENTED SYSTEMIC ENGINEERING AS A TOOL OF INTERSECTORAL ADAPTIVE MANAGEMENT,"This article substantiates the choice of fractal cybernetic architecture of regional anti-narcotic strategy based on the principles of the model-oriented systemic engineering. It is established that the tools of both traditional management by objectives and KPI-oriented management have predominantly reactive and fragmented patterns that reduces their efficiency in conditions of high dynamic of narcotics market and interdepartmental dissociation. The methodological basis was composed by the W. R. Ashbys Law of requisite variety and the S. Beers model of viable system that permitted to interpret the anti-narcotic strategy as adaptive multi-level social medical system. As a result, the executable fractal cybernetic model-based systems engineering architecture was formed that incorporated goal-setting, structural, modeling, digital, and measurement loops and ensured goal traceability, coordination of interdepartmental processes and closing feedback loops. On the basis of materials from the Kabardino-Balkarian Republic, the feasibility of the architecture through the digital platform AURA-FORECAST, integration of interdepartmental data and support of management decisions in the cycle of monitoring and adjustment is demonstrated. The obtained results form the evidence-based basis of transition from reactive anti-narcotic policy to predictive and adaptive model of management in health care.","A. V. Akhokhova, V. V. Lyutsko, M. K. Tkhagapsoeva, D. V. Zheligotova",,,2026-12-15,2026-04-23,-188,1406,https://doi.org/10.32687/0869-866x-2026-34-2-285-290,https://journal-nriph.ru/journal/article/viewFile/2610/5460,"Problems of Social Hygiene, Public Health and History of Medicine","Title: THE FRACTAL CYBERNETIC ARCHITECTURE OF THE REGIONAL ANTI-NARCOTIC STRATEGY BASED ON MODEL ORIENTED SYSTEMIC ENGINEERING AS A TOOL OF INTERSECTORAL ADAPTIVE MANAGEMENT
Summary: This article substantiates the choice of fractal cybernetic architecture of regional anti-narcotic strategy based on the principles of the model-oriented systemic engineering. It is established that the tools of both traditional management by objectives and KPI-oriented management have predominantly reactive and fragmented patterns that reduces their efficiency in conditions of high dynamic of narcotics market and interdepartmental dissociation. The methodological basis was composed by the W. R. Ashbys Law of requisite variety and the S. Beers model of viable system that permitted to interpret the anti-narcotic strategy as adaptive multi-level social medical system. As a result, the executable fractal cybernetic model-based systems engineering architecture was formed that incorporated goal-setting, structural, modeling, digital, and measurement loops and ensured goal traceability, coordination of interdepartmental processes and closing feedback loops. On the basis of materials from the Kabardino-Balkarian Republic, the feasibility of the architecture through the digital platform AURA-FORECAST, integration of interdepartmental data and support of management decisions in the cycle of monitoring and adjustment is demonstrated. The obtained results form the evidence-based basis of transition from reactive anti-narcotic policy to predictive and adaptive model of management in health care.
Authors: A. V. Akhokhova, V. V. Lyutsko, M. K. Tkhagapsoeva, D. V. Zheligotova"
10.22363/2687-0088-48784,"Systemic functional linguistics and social cognition: A theoretical approach to the relationship between language, society and culture","In this article, I argue in favor of strengthening the relationship between Systemic Functional Linguistics (SFL) and Social Cognition in order to answer the following question: how could we extend the understanding of how linguistic choices are affected or complemented cognitively? I thus attempt to integrate the views introduced by SFL and Social Cognition by recognizing that the categories from the former, added to the principles of the latter, may lead researchers in linguistics - both theoretical and applied - to a broader field of comprehension which may have some impact on all ways of apprehending the social element. The study draws on categories proposed by SFL as well as the propositions of Social Cognition. I assume, therefore, that there are social, cultural, and cognitive reasons that, if integrated, impact discourse semantics in a manner that contributes positively to an effective communication. That is why a few elements from sociology - egological perspective, dialectic perspective of social reality, sociocultural memory - are used to explain aspects of the social construction of reality and to support the discussions undertaken, in addition to providing some input to answer the following questions: (1) what is the relationship between SFL and Social Cognition, and (2) what does this relationship imply for our analyses? These reflections point to the role of language in the construction of possible worlds on levels that permeate the situational and cultural contexts and indicate that social cognition is a condition for understanding the interrelationship between lexicogrammar and discourse semantics.",Cláudio Márcio do Carmo,,,2026-12-15,2026-05-05,-188,1642,https://doi.org/10.22363/2687-0088-48784,https://journals.rudn.ru/linguistics/article/viewFile/50065/26994,Russian Journal of Linguistics,"Title: Systemic functional linguistics and social cognition: A theoretical approach to the relationship between language, society and culture
Summary: In this article, I argue in favor of strengthening the relationship between Systemic Functional Linguistics (SFL) and Social Cognition in order to answer the following question: how could we extend the understanding of how linguistic choices are affected or complemented cognitively? I thus attempt to integrate the views introduced by SFL and Social Cognition by recognizing that the categories from the former, added to the principles of the latter, may lead researchers in linguistics - both theoretical and applied - to a broader field of comprehension which may have some impact on all ways of apprehending the social element. The study draws on categories proposed by SFL as well as the propositions of Social Cognition. I assume, therefore, that there are social, cultural, and cognitive reasons that, if integrated, impact discourse semantics in a manner that contributes positively to an effective communication. That is why a few elements from sociology - egological perspective, dialectic perspective of social reality, sociocultural memory - are used to explain aspects of the social construction of reality and to support the discussions undertaken, in addition to providing some input to answer the following questions: (1) what is the relationship between SFL and Social Cognition, and (2) what does this relationship imply for our analyses? These reflections point to the role of language in the construction of possible worlds on levels that permeate the situational and cultural contexts and indicate that social cognition is a condition for understanding the interrelationship between lexicogrammar and discourse semantics.
Authors: Cláudio Márcio do Carmo"
10.22363/2312-8143-2026-27-1-70-80,Factors Influencing the Formation of Augmented Reality Systems,"This study identifies and analyzes the factors influencing the formation, functioning, usability, and efficiency of augmented reality (AR) systems. The first group of factors is determined by the technical characteristics of the system and the information infrastructure. The quality of the sensors determines the degree of detail and reliability of the initial data; devices with low accuracy can cause delays, drift, or jitter, which negatively affect the stability of the virtual object. Accurate positioning and tracking depend on GPS signals, visual-inertial odometry, or marker-based systems that can be affected by multichannel interference, signal jamming, or sensor noise, resulting in a mismatch between the physical and virtual worlds. Network bandwidth limitations affect real-time data streaming, cloud rendering, and multi-user synchronization, and unreliable connections result in skips or delays. The second group of factors refers to environmental conditions. Fluctuations in lighting can cause noise, decrease contrast, and disrupt object detection algorithms, which require the use of reliable computer vision techniques. This study proposes a solution to problems that improves the quality of augmented reality content and is key to the creation and development of AR systems.","Larisa V. Kruglova, Fafa K. Ceesay, Rokhaya Samb",,,2026-12-15,2026-04-13,-188,1296,https://doi.org/10.22363/2312-8143-2026-27-1-70-80,https://journals.rudn.ru/engineering-researches/article/viewFile/49751/26911,RUDN Journal of Engineering Researches,"Title: Factors Influencing the Formation of Augmented Reality Systems
Summary: This study identifies and analyzes the factors influencing the formation, functioning, usability, and efficiency of augmented reality (AR) systems. The first group of factors is determined by the technical characteristics of the system and the information infrastructure. The quality of the sensors determines the degree of detail and reliability of the initial data; devices with low accuracy can cause delays, drift, or jitter, which negatively affect the stability of the virtual object. Accurate positioning and tracking depend on GPS signals, visual-inertial odometry, or marker-based systems that can be affected by multichannel interference, signal jamming, or sensor noise, resulting in a mismatch between the physical and virtual worlds. Network bandwidth limitations affect real-time data streaming, cloud rendering, and multi-user synchronization, and unreliable connections result in skips or delays. The second group of factors refers to environmental conditions. Fluctuations in lighting can cause noise, decrease contrast, and disrupt object detection algorithms, which require the use of reliable computer vision techniques. This study proposes a solution to problems that improves the quality of augmented reality content and is key to the creation and development of AR systems.
Authors: Larisa V. Kruglova, Fafa K. Ceesay, Rokhaya Samb"
10.22363/2687-0088-47921,Legitimacy of varieties of English as a non-native language,"The article discusses the status of varieties of a pluricentric language, such as Russian English, Chinese English, among others. Some linguists waive this status because the language system of these varieties is not based on their own norms but is grounded on the norms of other varieties, either British or American. However, speakers of these varieties use them as lingua francas for communication and their Englishes are easily recognized as non-British or non-American, i.e., their varieties serve for linguacultural identification of the users. This is due to the fact that each variety is underpinned by the users’ culture and mindset and reflects traces of the users’ native languages, which allows us to make a conclusion that local varieties are not bound to the “political map” of the region (one of the critical arguments against world Englishes) but they are associated with their ethnic cultures. The article is an analytical review of the debatable issues of the World Englishes paradigm, English as a Lingua Franca theory, and English as an International Language concept. It aims to reveal factors that make it possible to recognize Expanding Circle varieties, to state the major features and functions of Russian English. The author focuses on some practical textbooks aimed at teaching world Englishes and their cultures. The method of corpus analysis of Russian English was used. Quantitative and comparative analysis of research articles in the leading sociolinguistic journals ( World Englishes and English Today ) was conducted to reveal the overwhelming predominance of Chinese English research as compared with that of Russian English. The author concludes that world Englishes of the Expanding Circle are legitimate varieties that have variable exonorms. Certain trends for their endonorms to start forming are revealed.",Zoya G. Proshina,,,2005-01-01,2026-05-05,7830,1846,https://doi.org/10.22363/2687-0088-47921,https://journals.rudn.ru/linguistics/article/viewFile/50067/26996,Russian Journal of Linguistics,"Title: Legitimacy of varieties of English as a non-native language
Summary: The article discusses the status of varieties of a pluricentric language, such as Russian English, Chinese English, among others. Some linguists waive this status because the language system of these varieties is not based on their own norms but is grounded on the norms of other varieties, either British or American. However, speakers of these varieties use them as lingua francas for communication and their Englishes are easily recognized as non-British or non-American, i.e., their varieties serve for linguacultural identification of the users. This is due to the fact that each variety is underpinned by the users’ culture and mindset and reflects traces of the users’ native languages, which allows us to make a conclusion that local varieties are not bound to the “political map” of the region (one of the critical arguments against world Englishes) but they are associated with their ethnic cultures. The article is an analytical review of the debatable issues of the World Englishes paradigm, English as a Lingua Franca theory, and English as an International Language concept. It aims to reveal factors that make it possible to recognize Expanding Circle varieties, to state the major features and functions of Russian English. The author focuses on some practical textbooks aimed at teaching world Englishes and their cultures. The method of corpus analysis of Russian English was used. Quantitative and comparative analysis of research articles in the leading sociolinguistic journals ( World Englishes and English Today ) was conducted to reveal the overwhelming predominance of Chinese English research as compared with that of Russian English. The author concludes that world Englishes of the Expanding Circle are legitimate varieties that have variable exonorms. Certain trends for their endonorms to start forming are revealed.
Authors: Zoya G. Proshina"
10.32687/0869-866x-2026-34-1-25-33,THE MODE,"The article presents results of comparative analysis of modern telemedicine technologies and organizational models of their implementation in health care system. On the basis of study of national and international experience, the rationale for perspective model of geriatric telemedicine contact center is presented. Its role and place in the structure of remote medical care support in the Russian Federation is determined. The article considers key directions application of areas of telemedicine: synchronous and asynchronous tele-consultation, remote methodological support, tele-training and tele-monitoring. The elderly patient usually has difficulty with moving on long distances. Therefore, special attention is paid to development of out-of-office and home tele-monitoring using wearable devices, expert systems, and soft hardware complexes permitting to automatize processes of diagnostic and correction and to apply remote interaction as well. The original model of geriatric telemedicine contact center includes front-office for primary reception and routing of requests, counseling module with involvement of accredited experts, methodological module for supporting various categories of users and monitoring module for dynamic control of indicators of life activity. The model is primarily directed toward elderly patients with limited mobility that is conditioned by high need of this category of citizens for accessible and continuous medical care. The economic efficiency of telemedicine solutions capable to decrease treatment costs, to reduce the number of hospitalizations and to unload hospital sector. In conclusion, expediency of organization of Federal profile center instead of multiple territorial divisions to optimize resources and to ensure uniform standards of remote geriatric care on national basis is substantiated.","M. A. Yakushin, E. N. Kabaeva, A. V. Vorobeva",,,2005-01-01,2026-02-22,7830,1848,https://doi.org/10.32687/0869-866x-2026-34-1-25-33,https://journal-nriph.ru/journal/article/viewFile/2535/5429,"Problems of Social Hygiene, Public Health and History of Medicine","Title: THE MODE
Summary: The article presents results of comparative analysis of modern telemedicine technologies and organizational models of their implementation in health care system. On the basis of study of national and international experience, the rationale for perspective model of geriatric telemedicine contact center is presented. Its role and place in the structure of remote medical care support in the Russian Federation is determined. The article considers key directions application of areas of telemedicine: synchronous and asynchronous tele-consultation, remote methodological support, tele-training and tele-monitoring. The elderly patient usually has difficulty with moving on long distances. Therefore, special attention is paid to development of out-of-office and home tele-monitoring using wearable devices, expert systems, and soft hardware complexes permitting to automatize processes of diagnostic and correction and to apply remote interaction as well. The original model of geriatric telemedicine contact center includes front-office for primary reception and routing of requests, counseling module with involvement of accredited experts, methodological module for supporting various categories of users and monitoring module for dynamic control of indicators of life activity. The model is primarily directed toward elderly patients with limited mobility that is conditioned by high need of this category of citizens for accessible and continuous medical care. The economic efficiency of telemedicine solutions capable to decrease treatment costs, to reduce the number of hospitalizations and to unload hospital sector. In conclusion, expediency of organization of Federal profile center instead of multiple territorial divisions to optimize resources and to ensure uniform standards of remote geriatric care on national basis is substantiated.
Authors: M. A. Yakushin, E. N. Kabaeva, A. V. Vorobeva"
10.22363/2687-0088-46513,Language,"Contemporary scholarly discourse on gender-inclusive communication remains predominantly descriptive, often avoiding a systematic critical analysis of its internal contradictions and social consequences. However, the growing social tension around new linguistic norms, their ideologization, and direct impact on public institutions demand unbiased examination. The aim of this article is to identify and analyze the key paradoxes generated by gender-inclusive communication, which persist despite its proclaimed goals of equality and respect. The research material comprises English-language texts of various genres and styles, including scholarly articles, media publications, documents from university websites, healthcare institutions, governmental, non-governmental, and commercial organizations, as well as data from blogs and social networks from the period 2017 to 2025. This allowed us to examine gender-inclusive communication both in the sphere of academic reflection and within the context of public practice. The methodological framework is based on critical discourse analysis, which interprets linguistic changes as a struggle for power, and Lotman’s theory of the semiosphere, which views inclusive language as a phenomenon of cultural dynamics. The study establishes that inclusive communication generates a complex of systemic contradictions across different dimensions: linguistic (between the striving to erase and simultaneously multiply gender differences, leading to semantic tautology and a violation of linguistic conventionality); social (where inclusivity in practice becomes a tool for excluding dissenting voices and marginalizing the experiences of traditional groups); ethical (encompassing the conflict between the ideology of self-identification and biological realities, as well as the imposition of Anglo-centric models onto other linguacultures). Interpreting the results through the chosen methodological lens reveals that inclusive language functions not only as a discourse of power but also as a tool of auto-communication, aimed at redefining the core of the cultural semiosphere and consolidating a “progressive” identity. The findings open perspectives for comparative studies on the reception of inclusive practices in different linguacultures and for interdisciplinary research into the long-term social effects of linguistic reform.",Elena S. Gritsenko,,,2005-01-01,2026-05-05,7830,2377,https://doi.org/10.22363/2687-0088-46513,https://journals.rudn.ru/linguistics/article/viewFile/50066/26995,Russian Journal of Linguistics,"Title: Language
Summary: Contemporary scholarly discourse on gender-inclusive communication remains predominantly descriptive, often avoiding a systematic critical analysis of its internal contradictions and social consequences. However, the growing social tension around new linguistic norms, their ideologization, and direct impact on public institutions demand unbiased examination. The aim of this article is to identify and analyze the key paradoxes generated by gender-inclusive communication, which persist despite its proclaimed goals of equality and respect. The research material comprises English-language texts of various genres and styles, including scholarly articles, media publications, documents from university websites, healthcare institutions, governmental, non-governmental, and commercial organizations, as well as data from blogs and social networks from the period 2017 to 2025. This allowed us to examine gender-inclusive communication both in the sphere of academic reflection and within the context of public practice. The methodological framework is based on critical discourse analysis, which interprets linguistic changes as a struggle for power, and Lotman’s theory of the semiosphere, which views inclusive language as a phenomenon of cultural dynamics. The study establishes that inclusive communication generates a complex of systemic contradictions across different dimensions: linguistic (between the striving to erase and simultaneously multiply gender differences, leading to semantic tautology and a violation of linguistic conventionality); social (where inclusivity in practice becomes a tool for excluding dissenting voices and marginalizing the experiences of traditional groups); ethical (encompassing the conflict between the ideology of self-identification and biological realities, as well as the imposition of Anglo-centric models onto other linguacultures). Interpreting the results through the chosen methodological lens reveals that inclusive language functions not only as a discourse of power but also as a tool of auto-communication, aimed at redefining the core of the cultural semiosphere and consolidating a “progressive” identity. The findings open perspectives for comparative studies on the reception of inclusive practices in different linguacultures and for interdisciplinary research into the long-term social effects of linguistic reform.
Authors: Elena S. Gritsenko"
10.14414/jbb.v15i01.5538,Model Ke,"Dividend policy is an important corporate decision in determining the proportion of profits distributed to shareholders and reflects a company’s financial condition and performance. This study aims to analyze the effect of profitability, liquidity, and capital adequacy on dividend policy, with firm size as a moderating variable, in Regional Development Banks (BPD) in Indonesia during the 2020–2024 period. The research problem focuses on differences in dividend policies among BPDs and the financial factors influencing them. This study uses secondary data in the form of annual financial statements obtained from the official website of the Financial Services Authority (OJK). The sampling method employed was purposive sampling, resulting in a sample of 24 BPDs with a total of 120 observations. Data analysis techniques include descriptive statistical analysis, multiple linear regression, and Moderated Regression Analysis (MRA). The results indicate that profitability has a positive and significant effect on dividend policy, liquidity has a positive but insignificant effect, and capital adequacy has a negative and significant effect on dividend policy. Firm size is unable to moderate the effect of profitability and liquidity on dividend policy. The findings may serve as a consideration for BPD management in making dividend distribution decisions.","Sindy Friska Alfiana, Linda Purnama Sari",,,2005-01-01,2026-03-25,7830,1362,https://doi.org/10.14414/jbb.v15i01.5538,https://journal.perbanas.ac.id/index.php/jbb/article/download/5538/1998,Journal of Business &amp; Banking,"Title: Model Ke
Summary: Dividend policy is an important corporate decision in determining the proportion of profits distributed to shareholders and reflects a company’s financial condition and performance. This study aims to analyze the effect of profitability, liquidity, and capital adequacy on dividend policy, with firm size as a moderating variable, in Regional Development Banks (BPD) in Indonesia during the 2020–2024 period. The research problem focuses on differences in dividend policies among BPDs and the financial factors influencing them. This study uses secondary data in the form of annual financial statements obtained from the official website of the Financial Services Authority (OJK). The sampling method employed was purposive sampling, resulting in a sample of 24 BPDs with a total of 120 observations. Data analysis techniques include descriptive statistical analysis, multiple linear regression, and Moderated Regression Analysis (MRA). The results indicate that profitability has a positive and significant effect on dividend policy, liquidity has a positive but insignificant effect, and capital adequacy has a negative and significant effect on dividend policy. Firm size is unable to moderate the effect of profitability and liquidity on dividend policy. The findings may serve as a consideration for BPD management in making dividend distribution decisions.
Authors: Sindy Friska Alfiana, Linda Purnama Sari"
10.64592/cpssg.2026.2,Hybrid M,"The paper deals with the issues of increasing the efficiency of functioning of synergetic robotic systems by searching for waysto improve the simulationmodels underlying them (increasing the degree of completeness and adequacy). The architecture of a hybrid simulation model is proposed on the example of a basic complex modeа of functioningания of a collaborative process. The model is built according to the modular principle and combines discrete-event modules and real-time modules (dynamic modeling, etc.). The platform solution gives the model maximum flexibility when it is specialized for a specific technological process. The functionality of the model is aimed not only at modeling regular situations, but also allows you to forecast the impact of disturbing factors on the development of the situation and the quality of the joint production process of the operator and robot. The interface of the model allows you to include the operator in the planning process of tactical decisions, due to the possibility of organizing control actions on it by means of the effector system.","M. Gorkavyy, Y. Ivanov, D. Grabar, D. Solovev",,,2005-01-01,2025-09-24,7830,1088,https://doi.org/10.64592/cpssg.2026.2,,International Conference on Cyber-Physical Systems in Smart Grids (CPSSG-2026),"Title: Hybrid M
Summary: The paper deals with the issues of increasing the efficiency of functioning of synergetic robotic systems by searching for waysto improve the simulationmodels underlying them (increasing the degree of completeness and adequacy). The architecture of a hybrid simulation model is proposed on the example of a basic complex modeа of functioningания of a collaborative process. The model is built according to the modular principle and combines discrete-event modules and real-time modules (dynamic modeling, etc.). The platform solution gives the model maximum flexibility when it is specialized for a specific technological process. The functionality of the model is aimed not only at modeling regular situations, but also allows you to forecast the impact of disturbing factors on the development of the situation and the quality of the joint production process of the operator and robot. The interface of the model allows you to include the operator in the planning process of tactical decisions, due to the possibility of organizing control actions on it by means of the effector system.
Authors: M. Gorkavyy, Y. Ivanov, D. Grabar, D. Solovev"
10.5559/di.di.34.4.01,How do Ethical Leaders Promote Employees' Feedback-Seeking Behaviours? A Serial Mediation Model,,"Wasim Ul Rehman, Mustafa Bekmezci, Lütfi Sürücü, Kamran Ali, Anam Mustansar",,,2026-12-31,2026-02-28,-204,0,https://doi.org/10.5559/di.di.34.4.01,,Drustvena istrazivanja,"Title: How do Ethical Leaders Promote Employees' Feedback-Seeking Behaviours? A Serial Mediation Model
Summary: 
Authors: Wasim Ul Rehman, Mustafa Bekmezci, Lütfi Sürücü, Kamran Ali, Anam Mustansar"
10.51153/mf.v20.i2.709,A Moderating and mediating model of innovation performance,,"Saira Naz, Fatima Liaquat",,,2026-12-31,2026-05-05,-204,0,https://doi.org/10.51153/mf.v20.i2.709,https://marketforcesjournal.kiet.edu.pk/index.php/marketforces/article/download/709/456,Market Forces,"Title: A Moderating and mediating model of innovation performance
Summary: 
Authors: Saira Naz, Fatima Liaquat"
10.35429/jhrt.2026.12.27.3.1.5,"Analysis of leadership in small family businesses in the municipality of Centro, Tabasco, to generate a development model",,"Karen Daheli Madrigal-Pérez, Leticia López-Valdivieso, David Antonio García-Reyes, Jucelly Castro-De la Cruz",,,2026-12-30,2026-04-23,-203,0,https://doi.org/10.35429/jhrt.2026.12.27.3.1.5,,Journal of Human Resources Training,"Title: Analysis of leadership in small family businesses in the municipality of Centro, Tabasco, to generate a development model
Summary: 
Authors: Karen Daheli Madrigal-Pérez, Leticia López-Valdivieso, David Antonio García-Reyes, Jucelly Castro-De la Cruz"
